time,ph7_1,ph7_2,ph7_3,,,ph1_1,ph1_2,ph1_3,,,ph3_1,ph3_2,ph3_3,,,ph5_1,ph5_2,ph5_3,,,ph9_1,ph9_2,ph9_3,,,ph11_1,ph11_2,ph11_3
1,6962,6942,6873,,,6246,6147,6085,,,6228,6253,6321,,,6655,6781,6727,,,6910,6965,6929,,,7266,7244,7120
2,7015,7040,7005,,,6212,6123,6170,,,6219,6269,6199,,,6824,6816,6763,,,6980,7011,7016,,,7270,7182,7213
3,7065,7069,7062,,,6232,6190,6162,,,6338,6189,6319,,,6809,6848,6726,,,6992,6990,7086,,,7314,7270,7227
4,7112,7041,7016,,,6143,6147,6146,,,6218,6290,6218,,,6820,6845,6833,,,6942,7049,6993,,,7322,7207,7267
5,7049,7049,7068,,,6168,6120,6214,,,6182,6311,6298,,,6906,6718,6832,,,6963,7089,7010,,,7211,7208,7261
6,7044,7128,7114,,,6219,6149,6222,,,6198,6322,6255,,,6844,6798,6802,,,6967,7029,7112,,,7220,7318,7245
7,7055,7040,7039,,,6172,6125,6149,,,6187,6287,6197,,,6740,6865,6786,,,7025,7030,7090,,,7220,7304,7195
8,7060,7066,7097,,,6119,6148,6210,,,6186,6218,6267,,,6834,6847,6826,,,7027,7057,6996,,,7244,7343,7269
9,7121,7130,7160,,,6112,6157,6232,,,6219,6294,6145,,,6783,6718,6822,,,7029,7031,7031,,,7308,7283,7334
10,6997,7047,7078,,,6088,6107,6214,,,6087,6291,6173,,,6760,6885,6821,,,7018,7159,7130,,,7270,7261,7312
11,7038,7125,7094,,,6128,6084,6115,,,6139,6275,6192,,,6790,6793,6779,,,7082,7077,7112,,,7304,7204,7316
12,7030,7103,7093,,,6058,6080,6221,,,6091,6267,6194,,,6774,6859,6788,,,7044,7102,7032,,,7298,7208,7190
13,7040,7053,7104,,,6192,6076,6154,,,6160,6306,6233,,,6774,6769,6808,,,6989,7066,7079,,,7242,7245,7138
14,7076,7060,7067,,,6047,6102,6202,,,6112,6202,6175,,,6846,6866,6858,,,7098,7012,7072,,,7225,7211,7201
15,7012,7079,6993,,,6074,6117,6191,,,6235,6236,6160,,,6764,6830,6879,,,7062,7118,7012,,,7228,7254,7275
16,7124,7044,7079,,,6122,6139,6181,,,6161,6241,6176,,,6736,6834,6830,,,7025,7061,7017,,,7284,7201,7246
17,7103,6992,7045,,,6139,6068,6155,,,6175,6267,6075,,,6784,6802,6917,,,7044,7057,6975,,,7283,7346,7225
18,7059,7042,7098,,,6107,6028,6178,,,6157,6224,6101,,,6837,6811,6849,,,7018,7131,6997,,,7236,7199,7223
19,7108,7086,7039,,,6165,6066,6164,,,6123,6298,6166,,,6747,6866,6774,,,7040,7069,7044,,,7168,7319,7227
20,7075,7078,7104,,,6200,6150,6216,,,6223,6190,6146,,,6751,6824,6867,,,7113,7012,6989,,,7225,7253,7208
21,7115,7194,7058,,,6214,6167,6114,,,6143,6197,6115,,,6758,6778,6847,,,7088,7025,7018,,,7186,7329,7166
22,7041,7111,6946,,,6071,6140,6147,,,6216,6197,6184,,,6775,6673,6768,,,7062,7051,7117,,,7197,7260,7284
23,7058,7113,7037,,,6053,6106,6098,,,6157,6264,6139,,,6739,6777,6824,,,7040,7028,7056,,,7234,7230,7175
24,7053,7058,7008,,,6161,6059,6112,,,6169,6178,6151,,,6769,6733,6918,,,7021,7041,7012,,,7160,7236,7297
25,7097,7034,6977,,,6116,6157,6120,,,6193,6260,6204,,,6761,6792,6808,,,7039,7108,7027,,,7175,7277,7265
26,7090,7048,7082,,,6163,6197,6086,,,6193,6228,6232,,,6776,6756,6817,,,7080,7084,7040,,,7222,7181,7383
27,7055,7060,7011,,,6172,6080,6166,,,6086,6244,6182,,,6687,6830,6836,,,6957,7022,7002,,,7190,7177,7246
28,7109,7017,7021,,,6150,6132,6061,,,6118,6243,6186,,,6704,6790,6842,,,6971,6984,7073,,,7183,7191,7303
29,7016,7014,7058,,,6170,6139,6217,,,6084,6229,6175,,,6654,6884,6800,,,6939,7125,7050,,,7284,7219,7256
30,7030,7067,7059,,,6169,6120,6147,,,6147,6293,6149,,,6704,6849,6828,,,6968,6988,7043,,,7273,7246,7255
31,7093,7040,7082,,,6043,6204,6169,,,6212,6227,6297,,,6733,6813,6815,,,6964,7016,6983,,,7159,7227,7179
32,7080,7035,6985,,,6155,6090,6141,,,6208,6243,6225,,,6738,6736,6779,,,6937,7045,6950,,,7146,7165,7210
33,7072,7056,7056,,,6106,6138,6230,,,6172,6241,6243,,,6792,6745,6846,,,7009,7013,7025,,,7199,7245,7158
34,7026,7118,6931,,,6119,6100,6265,,,6146,6124,6214,,,6775,6763,6836,,,7015,6920,7027,,,7250,7166,7200
35,7120,7167,7014,,,6144,6193,6163,,,6133,6201,6121,,,6703,6724,6828,,,7091,6959,6964,,,7210,7237,7254
36,7057,7017,7003,,,6160,6128,6178,,,6159,6169,6126,,,6740,6679,6798,,,7009,7061,7008,,,7259,7212,7206
37,7110,7051,7025,,,6164,6119,6188,,,6230,6234,6163,,,6681,6696,6747,,,6998,6995,7007,,,7223,7281,7183
38,7106,7073,7017,,,6163,6104,6129,,,6181,6210,6210,,,6756,6715,6817,,,7007,7037,6960,,,7314,7304,7181
39,7151,7088,6960,,,6178,6075,6115,,,6108,6165,6243,,,6763,6696,6727,,,7005,6961,7051,,,7227,7198,7214
40,7078,7040,6956,,,6173,6105,6157,,,6161,6171,6204,,,6693,6698,6795,,,6931,6959,7004,,,7264,7173,7226
41,7060,7054,7038,,,6171,6089,6173,,,6112,6134,6286,,,6717,6765,6844,,,7040,7039,7078,,,7230,7232,7254
42,7103,7039,6938,,,6132,6211,6118,,,6111,6097,6180,,,6756,6733,6790,,,6981,7047,7074,,,7334,7166,7246
43,7043,7029,6949,,,6217,6179,6082,,,6090,6197,6212,,,6701,6759,6789,,,6991,6968,7070,,,7237,7186,7231
44,7164,7075,6946,,,6195,6149,6124,,,6111,6137,6237,,,6773,6661,6767,,,6947,6995,7022,,,7273,7220,7199
45,7118,6997,7005,,,6160,6174,6198,,,6078,6226,6250,,,6748,6804,6789,,,6898,7063,6999,,,7211,7212,7222
46,7003,7010,6991,,,6035,6125,6112,,,6163,6160,6231,,,6738,6710,6830,,,6905,6938,7011,,,7184,7186,7179
47,7128,7025,6942,,,6162,6140,6108,,,6167,6219,6170,,,6795,6666,6799,,,6909,6947,7003,,,7251,7280,7255
48,6994,7000,7022,,,6187,6140,6155,,,6127,6182,6231,,,6750,6618,6766,,,6898,7018,7028,,,7299,7237,7249
49,7014,6985,7023,,,6144,6100,6153,,,6128,6170,6220,,,6749,6720,6819,,,6931,6946,7022,,,7290,7214,7225
50,6998,7091,6942,,,6102,6081,6035,,,6036,6280,6173,,,6752,6648,6832,,,6907,7081,7008,,,7312,7178,7195
51,7045,7099,7031,,,6160,6156,6102,,,6138,6219,6181,,,6705,6724,6842,,,6864,6955,6940,,,7237,7181,7202
52,7071,6972,6971,,,6243,6090,6053,,,6116,6122,6146,,,6722,6673,6856,,,6955,6946,7013,,,7244,7220,7204
53,7035,7004,7029,,,6189,6069,6090,,,6229,6194,6178,,,6752,6682,6819,,,6890,7067,7051,,,7257,7240,7210
54,7091,7059,6849,,,6113,6142,6118,,,6211,6083,6170,,,6729,6757,6755,,,6913,6982,7009,,,7299,7158,7039
55,7091,7041,7022,,,6139,6080,6090,,,6211,6159,6176,,,6771,6732,6804,,,6888,6950,6974,,,7185,7278,7214
56,7023,7107,6948,,,6210,6177,6141,,,6082,6164,6094,,,6700,6742,6760,,,6860,6992,7059,,,7315,7146,7173
57,7127,7018,7029,,,6159,6150,6113,,,6142,6184,6212,,,6760,6722,6820,,,6972,7024,7085,,,7356,7111,7227
58,7046,7037,7019,,,6100,6122,6072,,,6203,6136,6172,,,6787,6777,6828,,,6912,6938,7063,,,7318,7105,7234
59,7044,6994,7001,,,6119,6047,6133,,,6115,6228,6300,,,6797,6744,6766,,,6949,6978,6998,,,7265,7098,7228
60,7072,7007,7023,,,6217,6096,6092,,,6079,6112,6189,,,6665,6743,6745,,,6980,6984,7083,,,7277,7131,7140
61,7118,6932,7009,,,6162,6187,6202,,,6174,6177,6198,,,6678,6763,6760,,,6967,6941,7051,,,7267,7155,7050
62,7029,7015,6999,,,6121,6112,6089,,,6169,6206,6247,,,6740,6738,6823,,,6960,7070,7082,,,7200,7112,7174
63,7134,7057,6959,,,6173,6151,6100,,,6152,6139,6180,,,6674,6708,6835,,,6989,7024,6970,,,7244,7088,7124
64,7046,7063,7103,,,6165,6033,6183,,,6208,6163,6162,,,6701,6692,6830,,,6998,6990,7059,,,7245,7116,7123
65,7007,6975,7116,,,6206,6124,6027,,,6119,6143,6202,,,6780,6708,6706,,,6951,7052,7026,,,7277,7211,7155
66,7111,7022,7096,,,6141,6030,6147,,,6155,6138,6211,,,6719,6781,6738,,,6908,6962,7036,,,7289,7143,7120
67,7055,7067,7081,,,6172,6097,6172,,,6184,6147,6237,,,6705,6726,6835,,,6927,6979,7002,,,7267,7076,7163
68,7116,7053,7045,,,6141,6201,6153,,,6130,6123,6182,,,6745,6695,6771,,,6973,6951,7041,,,7260,7216,7207
69,7046,7040,7120,,,6131,6098,6086,,,6258,6212,6218,,,6718,6703,6739,,,7019,6954,7076,,,7284,7148,7189
70,7023,7071,7076,,,6185,6108,6137,,,6146,6100,6219,,,6730,6765,6795,,,6893,6974,7013,,,7243,7071,7186
71,7050,7015,7104,,,6175,6079,6100,,,6221,6145,6243,,,6755,6650,6827,,,6951,7037,7090,,,7242,7152,7164
72,7042,7044,7031,,,6149,6136,6061,,,6177,6096,6196,,,6778,6802,6773,,,6909,7001,7109,,,7276,7213,7227
73,7071,7131,7030,,,6133,6065,6145,,,6215,6207,6234,,,6795,6764,6859,,,6971,7042,7109,,,7290,7291,7248
74,7124,7054,7094,,,6140,6120,6167,,,6146,6166,6218,,,6746,6677,6840,,,6886,6970,7061,,,7282,7169,7236
75,6990,7012,7125,,,6199,6170,6065,,,6210,6149,6172,,,6836,6797,6766,,,6988,6910,7066,,,7318,7123,7246
76,7079,7001,7129,,,6166,6153,6199,,,6140,6044,6237,,,6854,6677,6813,,,6963,6991,7030,,,7263,7139,7123
77,7041,7059,7053,,,6084,6161,6036,,,6105,6100,6247,,,6773,6770,6811,,,6870,6929,7099,,,7260,7076,7178
78,7023,7109,7056,,,6088,6099,6095,,,6107,6092,6222,,,6731,6751,6740,,,6906,6955,7015,,,7207,7163,7158
79,7154,7092,7082,,,6075,6093,5995,,,6159,6103,6238,,,6731,6754,6822,,,7052,6993,7012,,,7253,7108,7133
80,7104,7086,7034,,,6076,6160,6055,,,6171,6092,6163,,,6838,6709,6759,,,6911,6933,7007,,,7239,7152,7143
81,7089,7071,7107,,,6044,6181,6069,,,6146,6124,6204,,,6800,6721,6790,,,6917,6922,7044,,,7220,7082,7213
82,7071,7161,7055,,,6088,6113,6085,,,6149,6161,6248,,,6784,6720,6725,,,6974,7022,6999,,,7210,7151,7215
83,7063,7127,6909,,,6034,6091,6048,,,6219,6175,6242,,,6769,6757,6707,,,6901,6951,7019,,,7179,7144,7174
84,7000,7081,7038,,,6123,6103,6022,,,6186,6103,6210,,,6773,6632,6742,,,6891,7036,6990,,,7239,7144,7173
85,7056,7079,7014,,,6095,6150,6070,,,6260,6180,6202,,,6757,6725,6709,,,6937,6990,6935,,,7261,7101,7201
86,7081,7100,7076,,,6101,6178,6064,,,6144,6151,6208,,,6754,6737,6751,,,6993,7000,7006,,,7204,7176,7172
87,7083,7044,7024,,,6128,6140,6123,,,6118,6261,6326,,,6813,6673,6738,,,6889,6993,6990,,,7217,7169,7190
88,7145,7060,7080,,,6254,6170,6122,,,6142,6241,6229,,,6793,6727,6768,,,6926,6955,6993,,,7222,7172,7235
89,6989,7055,6972,,,6182,6168,6007,,,6086,6161,6111,,,6806,6670,6774,,,6938,6973,6956,,,7212,7076,7253
90,7014,7042,7100,,,6117,6110,6115,,,6096,6122,6223,,,6851,6760,6744,,,6864,7015,6951,,,7246,7184,7221
91,7030,7155,7069,,,6086,6093,6097,,,6125,6161,6174,,,6748,6778,6713,,,6845,6980,7003,,,7218,7153,7212
92,7013,7151,6986,,,6081,6147,6064,,,6167,6077,6261,,,6809,6711,6734,,,6908,6999,7070,,,7143,7221,7237
93,6976,7135,7116,,,6055,6142,6085,,,6109,6109,6171,,,6767,6700,6758,,,6924,6959,7000,,,7215,7203,7251
94,7045,7070,7076,,,6097,6139,6094,,,6203,6170,6203,,,6790,6766,6703,,,6947,6973,7027,,,7256,7216,7217
95,7008,7064,7051,,,6109,6254,6064,,,6188,6199,6215,,,6770,6769,6755,,,6957,7007,6995,,,7188,7084,7148
96,7044,7085,7026,,,6156,6148,6161,,,6177,6153,6167,,,6724,6765,6751,,,6960,6957,7039,,,7264,7171,7157
97,6976,7063,7048,,,6179,6143,6123,,,6165,6175,6212,,,6798,6779,6683,,,7034,6962,7001,,,7177,7134,7121
98,7010,7111,7038,,,6110,6186,6091,,,6156,6093,6166,,,6766,6734,6792,,,6982,6994,6962,,,7231,7089,7231
99,6985,7116,7077,,,6117,6232,6026,,,6146,6114,6208,,,6748,6740,6758,,,6913,6944,7001,,,7213,7142,7213
100,6976,7044,7041,,,6117,6196,6035,,,6118,6112,6118,,,6814,6808,6762,,,6955,6920,6937,,,7218,7187,7184
101,7014,7066,7029,,,6133,6156,6163,,,6179,6126,6213,,,6763,6768,6692,,,6914,6923,6977,,,7148,7252,7144
102,7032,7132,7057,,,6198,6138,6060,,,6132,6134,6186,,,6746,6748,6751,,,6984,7016,6958,,,7098,7166,7174
103,7060,7142,7046,,,6165,6090,6136,,,6082,6075,6234,,,6796,6729,6728,,,6898,6933,7022,,,7070,7229,7193
104,7053,7091,7032,,,6135,6129,6060,,,6159,6134,6171,,,6802,6763,6797,,,6950,6999,7066,,,7188,7150,7269
105,7075,7063,7047,,,6209,6084,6067,,,6025,6118,6130,,,6685,6760,6768,,,6943,6982,6939,,,7086,7232,7248
106,6994,7152,6922,,,6176,6129,6137,,,6087,6115,6106,,,6844,6761,6745,,,6945,6958,6990,,,7146,7166,7204
107,6942,7016,7024,,,6150,6151,6107,,,6151,6039,6146,,,6753,6702,6681,,,6954,6972,7009,,,7136,7161,7112
108,6984,7132,6951,,,6141,6193,6039,,,6117,6080,6285,,,6704,6703,6732,,,7000,6956,6857,,,7170,7156,7155
109,6931,7053,7013,,,6204,6177,6064,,,6102,6112,6289,,,6751,6751,6680,,,6846,6919,6904,,,7223,7203,7113
110,7040,7054,6990,,,6072,6116,6066,,,6047,6088,6191,,,6753,6801,6728,,,6904,6907,6997,,,7162,7191,7168
111,6945,7073,7098,,,6188,6150,6036,,,6082,6118,6161,,,6770,6731,6624,,,6942,6950,6994,,,7248,7146,7201
112,6922,7028,7067,,,6215,6128,6057,,,6101,6110,6256,,,6793,6847,6670,,,6931,6909,6948,,,7271,7225,7122
113,6908,6995,6978,,,6054,6170,5966,,,6118,6172,6182,,,6790,6733,6646,,,6984,6891,6985,,,7115,7196,7174
114,7026,7111,7125,,,6085,6119,6014,,,6051,6108,6175,,,6775,6842,6661,,,6967,6877,6968,,,7153,7189,7221
115,6971,6989,7027,,,6098,6081,6023,,,6076,6096,6249,,,6738,6835,6739,,,6957,6916,7062,,,7149,7241,7140
116,6875,7054,7049,,,6162,6108,6037,,,6088,6091,6230,,,6752,6823,6743,,,6969,6892,7055,,,7213,7163,7179
117,6918,7101,7081,,,6215,6091,6009,,,6097,6161,6131,,,6807,6700,6732,,,6895,6939,6941,,,7132,7181,7148
118,6924,7080,7052,,,6152,6040,6064,,,6069,6017,6208,,,6677,6722,6698,,,7000,6903,6936,,,7184,7187,7105
119,6935,7017,7105,,,6126,6135,6054,,,6139,6079,6220,,,6809,6670,6794,,,6966,6982,6932,,,7175,7169,7130
120,6886,7017,7001,,,6169,6079,6033,,,6092,6133,6192,,,6803,6680,6771,,,6866,6873,7039,,,7190,7287,7041
121,6934,7067,6964,,,6232,6090,6047,,,6119,6157,6224,,,6773,6712,6811,,,6873,6880,6970,,,7148,7159,7090
122,6909,7053,7004,,,6232,6092,6032,,,6121,6223,6268,,,6837,6684,6764,,,6882,6846,7005,,,7146,7241,7140
123,6928,7011,6993,,,6243,6162,6035,,,6153,6135,6236,,,6737,6766,6666,,,6875,6974,6973,,,7173,7200,7119
124,6983,7053,7016,,,6183,6054,6021,,,6153,6066,6203,,,6728,6670,6726,,,6892,6928,7009,,,7244,7133,7181
125,6988,7013,6960,,,6161,6148,6104,,,6135,6204,6225,,,6718,6746,6755,,,6917,6846,6924,,,7199,7236,7170
126,6904,7069,7016,,,6152,6143,5992,,,6103,6124,6206,,,6815,6697,6707,,,6843,6916,6993,,,7190,7238,7186
127,6938,6993,6994,,,6254,6138,6069,,,6150,6083,6231,,,6801,6767,6663,,,6822,6850,6943,,,7169,7182,7122
128,6961,7035,7096,,,6154,6091,6036,,,6107,6115,6214,,,6858,6646,6709,,,6862,6896,7006,,,7225,7226,7234
129,6920,7035,7031,,,6246,6146,6093,,,6049,6119,6221,,,6708,6727,6749,,,6879,6917,6856,,,7214,7277,7184
130,6967,6989,7097,,,6173,6062,6052,,,6073,6157,6169,,,6864,6728,6741,,,6926,6957,6933,,,7248,7190,7129
131,7076,7100,7005,,,6119,6061,6062,,,6145,6051,6242,,,6754,6671,6749,,,6896,6907,6894,,,7158,7176,7231
132,6994,7053,7006,,,6162,6014,6128,,,6116,6117,6224,,,6831,6744,6717,,,6887,7023,6980,,,7189,7222,7167
133,6945,7099,7036,,,6193,6067,6028,,,6164,6075,6248,,,6812,6718,6704,,,6947,6997,6927,,,7243,7245,7170
134,6924,7066,6999,,,6215,6113,5990,,,6133,6060,6238,,,6708,6805,6668,,,6889,6861,6969,,,7200,7216,7216
135,6952,7128,7063,,,6127,6075,6090,,,6126,6099,6302,,,6758,6839,6811,,,6839,6859,6951,,,7213,7193,7157
136,7012,7046,7025,,,6149,6030,6001,,,6102,6084,6286,,,6854,6819,6696,,,6944,6908,6962,,,7151,7208,7185
137,6957,7100,7014,,,6152,6094,6015,,,6156,6109,6204,,,6749,6779,6705,,,6878,6879,6992,,,7063,7241,7227
138,6993,7012,7046,,,6103,6064,6061,,,6147,6061,6279,,,6869,6734,6742,,,6855,6913,6903,,,7153,7217,7236
139,7002,6995,7051,,,6119,6131,6027,,,6165,6075,6234,,,6805,6800,6758,,,6820,6854,6852,,,7192,7315,7204
140,6911,7026,6990,,,6121,6004,6066,,,6167,6047,6244,,,6743,6834,6679,,,6911,6941,6917,,,7176,7274,7155
141,6989,7051,7009,,,6187,6071,6009,,,6218,6081,6228,,,6745,6832,6671,,,6848,6884,6909,,,7104,7248,7170
142,6933,6987,7040,,,6088,6045,6019,,,6238,6091,6210,,,6712,6813,6750,,,6898,6983,6901,,,7067,7194,7136
143,6918,7034,7001,,,6136,6095,5973,,,6180,6089,6264,,,6799,6853,6762,,,6852,6972,6853,,,7059,7209,7213
144,6916,7020,6987,,,6142,6100,5975,,,6108,6108,6241,,,6713,6794,6715,,,6839,6873,6932,,,7206,7246,7155
145,6898,7022,7017,,,6054,6145,5984,,,6157,5969,6224,,,6780,6759,6606,,,6886,6949,6962,,,7174,7151,7211
146,6961,7060,7045,,,6105,6088,5974,,,6092,6077,6211,,,6755,6723,6713,,,6875,6947,6865,,,7149,7152,7149
147,6966,7072,7044,,,6143,6087,5981,,,6143,6056,6250,,,6739,6816,6676,,,6954,6866,6960,,,7162,7212,7167
148,6952,7014,7046,,,6104,6153,5860,,,6104,6115,6289,,,6734,6740,6730,,,6890,6936,6940,,,7209,7172,7224
149,6957,7058,6961,,,6096,6019,5910,,,6091,6068,6240,,,6700,6763,6708,,,6906,6811,6903,,,7185,7173,7167
150,7020,7076,7061,,,6069,6137,5931,,,6100,6175,6257,,,6687,6768,6699,,,6876,6967,6920,,,7160,7247,7216
151,6976,7059,7154,,,6202,6140,5887,,,6083,6111,6209,,,6657,6771,6783,,,6843,6871,6948,,,7101,7178,7138
152,7038,7046,7054,,,6147,6104,5961,,,6088,6081,6296,,,6735,6797,6738,,,6851,6947,7014,,,7165,7111,7133
153,6964,7038,7113,,,6137,6074,5993,,,6173,6142,6277,,,6714,6752,6781,,,6921,6919,6850,,,7184,7215,7149
154,6910,7072,7016,,,6156,6043,6095,,,6088,6082,6185,,,6656,6788,6734,,,6825,6887,6957,,,7168,7224,7135
155,6989,7025,7083,,,6153,6140,5919,,,6148,6103,6251,,,6755,6820,6752,,,6888,6908,6932,,,7244,7305,7108
156,6939,7053,6979,,,6177,6155,6053,,,6143,6100,6241,,,6750,6810,6736,,,6807,6950,6979,,,7204,7191,7088
157,6934,7002,7096,,,6146,6002,5972,,,6156,6079,6157,,,6752,6767,6826,,,6988,6931,6942,,,7213,7090,7133
158,7050,7034,7055,,,6099,6034,5984,,,6134,6115,6234,,,6786,6773,6806,,,6870,6877,6873,,,7249,7269,7154
159,6883,7007,7096,,,6081,5975,6022,,,6126,6074,6237,,,6779,6835,6709,,,6917,6962,6999,,,7249,7131,7242
160,6991,7015,7049,,,6121,6094,6004,,,6100,6100,6220,,,6769,6776,6735,,,6963,6953,6907,,,7104,7208,7084
161,7008,6947,7034,,,6057,6048,5973,,,6144,6131,6193,,,6727,6793,6721,,,6959,6900,6890,,,7144,7184,7158
162,6980,6968,7019,,,6118,6077,5969,,,6148,6154,6177,,,6759,6824,6732,,,6919,6898,6939,,,7254,7205,7145
163,6925,7079,7017,,,6174,6076,6099,,,6109,6073,6174,,,6782,6844,6774,,,6868,6877,6991,,,7299,7120,7098
164,6928,7074,7068,,,6108,6033,5963,,,6114,6014,6244,,,6623,6761,6748,,,6977,6933,6928,,,7206,7202,7264
165,6958,7076,7016,,,6177,6096,5980,,,6103,6041,6312,,,6809,6721,6735,,,6895,6844,6862,,,7060,7136,7172
166,6939,7102,7014,,,6039,6074,6101,,,6116,6113,6175,,,6755,6902,6748,,,6971,6886,6907,,,7202,7198,7190
167,6943,7052,7028,,,6095,6090,6037,,,6136,6088,6260,,,6780,6759,6818,,,6887,6851,6938,,,7200,7145,7245
168,6933,7006,6978,,,6119,6013,6038,,,6092,6097,6206,,,6792,6854,6743,,,6919,6902,6892,,,7043,7205,7120
169,6950,7061,7031,,,6136,5990,6012,,,6165,6070,6241,,,6792,6785,6790,,,6928,6917,6922,,,7131,7160,7182
170,6910,7025,7014,,,6200,6160,5945,,,6100,6190,6286,,,6836,6803,6788,,,6804,6872,6901,,,7125,7182,7136
171,6873,7117,7063,,,6150,6040,6036,,,6139,6030,6288,,,6719,6771,6743,,,6860,6811,6945,,,7131,7231,7157
172,6953,7115,7052,,,6219,6067,5995,,,6158,6134,6267,,,6790,6796,6698,,,6828,6880,6947,,,7153,7255,7177
173,6938,7064,7075,,,6112,5976,6011,,,6149,6112,6163,,,6766,6829,6737,,,6898,6861,6968,,,7218,7189,7210
174,6920,7096,7103,,,6153,6132,6031,,,6125,6091,6157,,,6722,6879,6725,,,6866,6881,7037,,,7262,7254,7237
175,6906,7127,7058,,,6146,6090,6052,,,6094,6010,6217,,,6734,6832,6687,,,6958,6851,6942,,,7197,7179,7167
176,6979,7000,7106,,,6123,6045,6012,,,6098,6126,6229,,,6799,6832,6667,,,6875,6846,6873,,,7190,7270,7118
177,6924,7051,7047,,,6196,6097,6065,,,6149,6083,6265,,,6633,6803,6694,,,6795,6934,6919,,,7186,7155,7164
178,6918,7042,7048,,,6194,6106,5973,,,6145,6064,6270,,,6666,6790,6726,,,6891,6930,6865,,,7219,7276,7142
179,6905,7040,7032,,,6162,6089,6027,,,5995,6044,6207,,,6703,6834,6737,,,6843,6864,6854,,,7235,7227,7200
180,7002,7055,7058,,,6163,6017,6001,,,6086,6072,6216,,,6707,6865,6670,,,6877,6857,6860,,,7188,7194,7174
181,6935,7028,7069,,,6189,6106,6045,,,6099,6163,6186,,,6695,6812,6743,,,6905,6848,6904,,,7080,7154,7119
182,6915,7117,7015,,,6191,6175,6034,,,6124,6123,6179,,,6822,6810,6725,,,6894,6853,6977,,,7145,7150,7215
183,6918,7012,7054,,,6166,6122,6046,,,6088,6142,6209,,,6708,6745,6778,,,6920,6915,6841,,,7206,7175,7142
184,6973,7109,6957,,,6126,6023,6047,,,6063,6158,6248,,,6755,6846,6697,,,6901,6899,6936,,,7187,7129,7257
185,6936,7087,6959,,,6232,6039,6099,,,6023,6081,6205,,,6777,6770,6673,,,6835,6929,6876,,,7224,7111,7248
186,6930,7068,6983,,,6123,6117,6054,,,6002,6180,6210,,,6689,6755,6849,,,6882,6901,6915,,,7175,7173,7117
187,6923,7086,7002,,,6126,6133,6020,,,6059,6154,6262,,,6702,6764,6753,,,6886,6882,6868,,,7190,7189,7232
188,6901,7040,7024,,,6210,6053,5970,,,6106,6162,6261,,,6713,6807,6722,,,6897,6873,6877,,,7171,7203,7258
189,6900,7024,7066,,,6162,6103,5943,,,6077,6124,6204,,,6731,6767,6710,,,6846,6949,6863,,,7115,7145,7216
190,6957,7048,6957,,,6215,6017,5978,,,6033,6092,6217,,,6714,6782,6686,,,6840,6867,6900,,,7170,7150,7221
191,6978,7082,7087,,,6106,6096,6024,,,6064,6146,6245,,,6736,6842,6654,,,6835,6974,6902,,,7167,7177,7188
192,6906,7018,7005,,,6132,6088,6022,,,6081,6145,6190,,,6686,6804,6710,,,6905,6907,6918,,,7097,7165,7260
193,6894,7010,7069,,,6179,6072,5997,,,6064,6163,6144,,,6620,6715,6698,,,6764,6898,6892,,,7150,7175,7190
194,6968,7029,7047,,,6224,6006,6020,,,6040,6114,6227,,,6780,6715,6683,,,6892,6902,6893,,,7237,7157,7178
195,7008,7008,7039,,,6128,6030,6007,,,6082,6119,6193,,,6664,6802,6744,,,6860,6900,6891,,,7154,7219,7191
196,6876,6976,7023,,,6224,6034,6004,,,6146,6064,6200,,,6709,6736,6816,,,6766,6875,6950,,,7129,7228,7159
197,6950,7029,7027,,,6177,5972,6044,,,6186,6131,6169,,,6711,6809,6650,,,6876,6877,6905,,,7154,7156,7179
198,6972,6988,7051,,,6146,6073,6023,,,6123,6116,6233,,,6662,6778,6725,,,6889,6934,6860,,,7098,7178,7169
199,6941,7105,7068,,,6134,6090,6057,,,6126,6163,6188,,,6804,6755,6773,,,6819,6964,6988,,,7097,7277,7162
200,6948,7027,6944,,,6155,6042,6025,,,6084,6108,6173,,,6780,6830,6697,,,6875,6899,6952,,,7103,7215,7173
201,6950,7088,6979,,,6154,6017,6060,,,6047,6129,6235,,,6713,6814,6693,,,6872,6937,6918,,,7156,7169,7212
202,6976,7060,7072,,,6071,6058,6083,,,6094,6149,6220,,,6704,6867,6693,,,6965,6928,6869,,,7215,7202,7188
203,6875,7070,6945,,,6170,5952,5972,,,6058,6152,6194,,,6698,6824,6762,,,6886,6957,6898,,,7049,7141,7234
204,6943,7052,6978,,,6127,6037,6046,,,6071,6143,6251,,,6701,6759,6791,,,7002,6919,6968,,,7192,7176,7202
205,6926,7054,6965,,,6181,6041,6009,,,6126,6129,6152,,,6726,6775,6756,,,6913,6969,6884,,,7120,7129,7148
206,6978,7012,7000,,,6147,6061,6004,,,6062,6108,6229,,,6756,6837,6789,,,6896,6916,6875,,,7131,7165,7186
207,6891,7024,6948,,,6194,5951,5999,,,6068,6091,6214,,,6747,6703,6768,,,6927,6923,6938,,,7018,7165,7219
208,6907,7031,6988,,,6205,6039,6052,,,6041,6085,6216,,,6713,6757,6701,,,6883,6990,7012,,,7159,7163,7312
209,6843,7029,6904,,,6165,6092,5976,,,6110,6135,6190,,,6693,6730,6806,,,7021,6890,6965,,,7179,7282,7174
210,6937,6987,6936,,,6171,6050,5981,,,6031,6100,6237,,,6765,6746,6771,,,6940,6809,6906,,,7154,7232,7165
211,6942,7047,7074,,,6150,6018,6073,,,6122,6093,6163,,,6626,6725,6752,,,6859,6864,6911,,,7154,7230,7139
212,6938,6998,7017,,,6168,6063,6055,,,6112,6170,6118,,,6696,6745,6712,,,6931,6932,6830,,,7226,7186,7231
213,6968,7047,7029,,,6159,6190,6075,,,6018,6080,6194,,,6713,6796,6729,,,6901,6947,6958,,,7194,7250,7220
214,7003,7049,7005,,,6179,6052,5997,,,6070,6093,6174,,,6806,6774,6717,,,6888,6926,6969,,,7201,7152,7200
215,6946,7046,6938,,,6151,6049,6078,,,6054,6074,6134,,,6681,6751,6753,,,6912,6859,7006,,,7225,7221,7196
216,7017,7069,6964,,,6228,6022,6004,,,6065,6025,6216,,,6754,6699,6784,,,6966,6851,7010,,,7151,7241,7220
217,6948,6994,6943,,,6173,6021,6042,,,6126,6028,6128,,,6685,6689,6763,,,6879,6889,6948,,,7172,7257,7177
218,7028,6992,6972,,,6204,6071,5988,,,6185,6114,6117,,,6797,6731,6758,,,6913,6904,6963,,,7198,7211,7103
219,6987,7035,7017,,,6153,6034,6047,,,6037,6008,6174,,,6667,6747,6796,,,6879,6866,6921,,,7159,7117,7150
220,6996,7016,6970,,,6136,6063,6037,,,6090,6107,6128,,,6715,6706,6786,,,6903,6840,6929,,,7204,7195,7192
221,7025,6975,6935,,,6237,6104,6009,,,6094,6057,6190,,,6824,6815,6770,,,6857,6834,6963,,,7187,7194,7182
222,6967,7035,6904,,,6229,6007,6009,,,6136,6141,6179,,,6827,6816,6705,,,6924,6893,6939,,,7106,7137,7205
223,7014,6989,7058,,,6135,6065,5979,,,6022,6029,6177,,,6816,6759,6777,,,6960,6838,6917,,,7080,7096,7182
224,6962,7006,6920,,,6157,6055,6109,,,6119,6088,6153,,,6736,6673,6795,,,6923,6920,6956,,,7143,7140,7167
225,7022,7016,6942,,,6103,6052,6191,,,6144,6075,6143,,,6685,6791,6760,,,6940,6874,7007,,,7173,7136,7230
226,6979,6999,6949,,,6246,6050,6075,,,6054,6076,6076,,,6678,6689,6737,,,6885,6872,6915,,,7134,7131,7097
227,6989,6996,6905,,,6105,6010,6103,,,6041,6105,6111,,,6786,6697,6778,,,6890,6805,6954,,,7223,7244,7154
228,7053,7018,6966,,,6197,6062,6090,,,6022,6052,6160,,,6780,6708,6808,,,6851,6848,6890,,,7144,7189,7080
229,7021,6995,6940,,,6152,6071,6120,,,6050,6102,6159,,,6705,6744,6796,,,6791,6930,6895,,,7097,7185,7204
230,6950,6948,6996,,,6126,6085,6035,,,6040,6127,6080,,,6648,6730,6741,,,6908,6892,6919,,,7151,7315,7136
231,6920,6986,6981,,,6145,6083,6008,,,6103,6072,6144,,,6704,6710,6729,,,6880,6985,6935,,,7180,7120,7193
232,6968,6988,6960,,,6113,6077,6113,,,6132,6121,6159,,,6764,6774,6698,,,6904,7001,6971,,,7235,7196,7110
233,6961,7007,7037,,,6117,6053,6058,,,6038,6021,6121,,,6725,6723,6767,,,6891,6996,6931,,,7239,7197,7228
234,6883,6923,7027,,,6171,5991,6095,,,6023,6092,6078,,,6678,6818,6780,,,6786,6893,6944,,,7071,7047,7207
235,6840,6968,7047,,,6122,6020,6090,,,6073,6075,6083,,,6690,6714,6749,,,6776,6869,6939,,,7167,7137,7201
236,6931,7086,6981,,,6171,6077,5962,,,6053,6090,6216,,,6733,6814,6753,,,6806,6910,6910,,,7181,7160,7184
237,6880,7003,7082,,,6199,6072,6138,,,6067,6121,6197,,,6654,6779,6790,,,6814,6877,6893,,,7166,7178,7132
238,6990,6945,6997,,,6218,6056,6098,,,6073,6122,6224,,,6691,6744,6749,,,6874,6956,6957,,,7175,7165,7149
239,6912,7046,7083,,,6097,6093,5981,,,6110,6090,6194,,,6687,6755,6738,,,6787,6943,6914,,,7122,7182,7169
240,6950,7012,7038,,,6107,6079,6030,,,6060,6059,6190,,,6729,6733,6796,,,6857,6858,6838,,,7192,7064,7123
241,7020,6990,7033,,,6190,6078,6070,,,5975,6064,6185,,,6738,6734,6775,,,6886,6853,6916,,,7097,7067,7157
242,6959,7036,6986,,,6213,6080,6070,,,5945,6041,6174,,,6735,6822,6695,,,6906,6884,6909,,,7133,7101,7128
243,6940,6925,6979,,,6155,6030,6173,,,5986,6101,6303,,,6805,6767,6798,,,6946,6927,6867,,,7188,7119,7118
244,6945,7000,7079,,,6058,6133,6151,,,6043,6116,6095,,,6673,6745,6781,,,6837,6887,6968,,,7260,7069,7168
245,6857,6963,7009,,,6011,6115,6130,,,6052,6082,6147,,,6667,6741,6785,,,6818,6982,6869,,,7213,7123,7169
246,6936,7066,7038,,,6123,6100,6132,,,6018,6155,6150,,,6711,6769,6735,,,6861,6872,6978,,,7151,7177,7093
247,6897,6972,7068,,,6172,5988,6108,,,6010,6142,6171,,,6639,6842,6803,,,6884,6894,6961,,,7206,7046,7120
248,6905,6999,7055,,,6138,6075,6113,,,6027,6116,6138,,,6660,6863,6772,,,6822,6901,6909,,,7168,7109,7167
249,6944,7096,6945,,,6081,6065,6121,,,6035,6042,6127,,,6725,6801,6808,,,6863,6924,6920,,,7151,7131,7179
250,6873,7056,6923,,,6069,6064,6093,,,6110,6137,6100,,,6758,6760,6781,,,6877,6859,6916,,,7162,7222,7159
251,6904,7041,7001,,,6062,6039,6094,,,6028,6108,6181,,,6719,6814,6771,,,6913,6830,6939,,,7143,7169,7121
252,6923,7056,6976,,,6100,6081,6067,,,6107,6098,6261,,,6734,6824,6760,,,6818,6874,6865,,,7189,7084,7099
253,6947,7104,6950,,,6076,6010,6005,,,6098,6122,6199,,,6714,6764,6718,,,6887,6862,6938,,,7146,7196,7128
254,6947,7011,7016,,,6109,6006,6086,,,6110,6081,6091,,,6743,6886,6789,,,6918,6939,7021,,,7146,7175,7093
255,7007,7029,6950,,,6175,6159,6058,,,6088,6103,6115,,,6775,6832,6836,,,6879,6898,6961,,,7170,7195,7092
256,6843,7045,7082,,,6137,6045,6024,,,6036,6104,6219,,,6758,6753,6773,,,6956,6881,6986,,,7158,7206,7047
257,6955,7070,7061,,,6088,6009,6091,,,6041,6054,6155,,,6705,6781,6836,,,6924,6895,6977,,,7151,7186,7125
258,6940,7034,7067,,,6126,6043,6137,,,6142,6019,6136,,,6718,6827,6779,,,6896,6884,6983,,,7101,7135,7110
259,6915,6963,7049,,,6149,6097,6008,,,6091,6074,6175,,,6719,6871,6829,,,6909,6916,6929,,,7155,7186,7082
260,6941,6972,7005,,,6101,6055,6010,,,6077,6052,6135,,,6719,6855,6795,,,6884,6941,6940,,,7158,7185,7126
261,6970,7037,7016,,,6143,6030,6037,,,6041,6128,6127,,,6735,6785,6820,,,6869,6921,6935,,,7139,7118,7144
262,6922,7070,7040,,,6109,6027,6006,,,6081,6023,6137,,,6692,6812,6816,,,6894,6912,6979,,,7188,7158,7108
263,6954,6998,7064,,,6057,6043,6021,,,6054,6123,6162,,,6731,6797,6848,,,6867,6882,6956,,,7176,7129,7105
264,6962,6980,7043,,,6163,6113,6106,,,6116,6132,6176,,,6746,6745,6712,,,6916,6857,6968,,,7128,7127,7141
265,6823,6977,7026,,,6197,6067,5999,,,6073,6033,6214,,,6572,6808,6797,,,6969,6900,6942,,,7159,7088,7180
266,6924,7079,7062,,,6184,6098,6028,,,6087,6114,6191,,,6679,6776,6813,,,6948,6834,6948,,,7130,7199,7088
267,6998,7003,6999,,,6155,6001,6025,,,6041,6057,6132,,,6695,6752,6734,,,6888,6889,6850,,,7159,7114,7160
268,6930,7014,7002,,,6153,6089,6106,,,6118,6104,6174,,,6702,6740,6762,,,6845,6928,6935,,,7133,7107,7184
269,6945,7105,6943,,,6170,6046,6057,,,6093,6061,6190,,,6749,6750,6765,,,6959,6918,6914,,,7176,7193,7074
270,6926,7034,7011,,,6138,6130,6112,,,6102,6125,6162,,,6631,6752,6716,,,6854,6934,6921,,,7210,7131,7090
271,6936,7050,7064,,,6134,6101,6003,,,6050,6083,6118,,,6791,6766,6732,,,6940,6800,6937,,,7134,7152,7049
272,6919,7062,6989,,,6199,6057,6132,,,6131,6148,6198,,,6706,6823,6803,,,6942,6891,6904,,,7229,7122,7055
273,6942,7064,6993,,,6224,6072,6102,,,6078,6104,6144,,,6672,6805,6846,,,6838,6850,6875,,,7170,7185,7109
274,6938,6997,7019,,,6161,6101,6141,,,6088,6164,6080,,,6708,6730,6746,,,6812,6857,6954,,,7160,7081,7149
275,6929,7070,6940,,,6154,6034,6108,,,6041,6037,6221,,,6801,6836,6826,,,6895,6839,6952,,,7141,7139,7099
276,6957,7040,6979,,,6181,6075,6064,,,5998,6057,6187,,,6739,6759,6790,,,6834,6832,6969,,,7106,7196,7056
277,7025,7107,7006,,,6122,6075,6114,,,6079,6058,6092,,,6700,6744,6767,,,6887,6873,6919,,,7166,7142,7126
278,6966,7039,6999,,,6183,6072,6109,,,6007,6061,6132,,,6621,6847,6767,,,6845,6897,6956,,,7106,7235,7148
279,6967,7029,7034,,,6136,6169,6077,,,6050,6093,6133,,,6709,6784,6754,,,6866,6925,6901,,,7187,7170,7108
280,6920,7007,7001,,,6140,6018,6120,,,6060,6083,6216,,,6717,6785,6680,,,6884,6803,6980,,,7188,7208,7124
281,7065,7053,7021,,,6174,6072,6108,,,6090,6149,6146,,,6740,6818,6676,,,6875,6884,6948,,,7256,7066,7098
282,6947,7035,7066,,,6139,6081,6085,,,6015,6083,6143,,,6691,6782,6678,,,6900,6952,6919,,,7099,7195,7134
283,6959,7055,6905,,,6117,5987,6042,,,6108,6009,6191,,,6729,6848,6739,,,6941,6963,6840,,,7220,7087,7186
284,6927,6991,6946,,,6175,5994,6152,,,6202,6062,6208,,,6658,6778,6728,,,6859,6896,6958,,,7169,7198,7156
285,6962,6995,6996,,,6162,6034,6051,,,6127,6133,6191,,,6731,6799,6752,,,6843,6912,6886,,,7140,7102,7123
286,7030,6999,7035,,,6115,5988,6145,,,6069,6105,6151,,,6670,6862,6684,,,6880,6882,6831,,,7175,7093,7137
287,6934,7048,6944,,,6243,5989,6111,,,6177,6046,6148,,,6647,6806,6695,,,6884,6952,6851,,,7101,7109,7153
288,6972,7058,7025,,,6182,6027,6020,,,6115,6077,6164,,,6681,6805,6799,,,6811,6924,6790,,,7133,7089,7108
289,7006,7002,7020,,,6169,6070,6023,,,6102,6107,6176,,,6650,6802,6801,,,6906,6930,6765,,,7202,7141,7149
290,7026,7009,6904,,,6132,6051,6126,,,6142,6188,6161,,,6727,6802,6804,,,6795,6932,6883,,,7131,7094,7149
291,7020,7059,7024,,,6148,6061,6018,,,6141,6074,6070,,,6741,6799,6709,,,6863,6839,6886,,,7135,7207,7217
292,6971,7092,6973,,,6114,6037,5997,,,6098,6046,6074,,,6713,6833,6743,,,6841,6890,6872,,,7212,7111,7091
293,7026,7024,7007,,,6142,6050,5978,,,6028,6104,6162,,,6718,6779,6765,,,6834,6812,6926,,,7136,7128,7170
294,7063,6964,6995,,,6117,6062,6090,,,6121,6102,6201,,,6720,6813,6714,,,6815,6927,6861,,,7090,7156,7130
295,6990,7008,7023,,,6126,6006,6090,,,6186,6028,6119,,,6689,6712,6722,,,6905,6941,6822,,,7191,7205,7156
296,7005,6997,7052,,,6119,6003,6061,,,6191,6083,6148,,,6654,6744,6716,,,6881,6852,6860,,,7176,7103,7053
297,6929,6992,6972,,,6135,6004,6004,,,6056,6102,6095,,,6685,6779,6795,,,6892,6885,6907,,,7149,7184,7066
298,6996,6934,7076,,,6131,6066,5999,,,6038,6090,6208,,,6746,6790,6829,,,6908,6833,6969,,,7223,7148,7098
299,6992,7056,6961,,,6165,6029,5955,,,6135,6081,6184,,,6688,6835,6773,,,6887,6836,6879,,,7215,7112,7106
300,6965,6981,7025,,,6117,6008,5954,,,6079,6107,6129,,,6735,6723,6690,,,6898,6921,6881,,,7208,7157,7172
301,6953,6978,7066,,,6176,6111,6028,,,6065,6100,6136,,,6699,6767,6782,,,6918,6923,6817,,,7095,7098,7154
302,6914,6952,7032,,,6065,6055,6005,,,6017,6160,6118,,,6753,6811,6802,,,6901,6879,6864,,,7241,7046,7139
303,6955,6979,7008,,,6104,6057,6093,,,6086,6055,6137,,,6777,6778,6835,,,6893,6951,6898,,,7188,7089,7187
304,7011,7025,7055,,,6175,6051,6004,,,6120,6117,6130,,,6663,6807,6822,,,6917,6960,6905,,,7149,7054,7066
305,6940,7084,7037,,,6076,6061,6040,,,6031,6153,6189,,,6743,6749,6800,,,6874,6894,6835,,,7135,7066,7124
306,6958,7033,7070,,,6121,6157,6010,,,6133,6092,6117,,,6720,6758,6869,,,6902,6865,6925,,,7218,7031,7107
307,6901,7019,6963,,,6116,6004,6085,,,6115,6097,6119,,,6699,6754,6734,,,6872,6920,6886,,,7216,7016,7083
308,6943,7073,7020,,,6148,6067,6060,,,6135,6040,6121,,,6728,6743,6797,,,6883,6950,6913,,,7151,7095,7151
309,6976,7126,6975,,,6187,6046,5976,,,6056,6036,6137,,,6687,6717,6765,,,6943,6908,6871,,,7154,7025,7170
310,6959,7032,7014,,,6075,6003,5985,,,6110,6000,6117,,,6654,6788,6762,,,6946,6970,6862,,,7187,7119,7181
311,6911,7025,7052,,,6110,6038,6062,,,6108,6117,6172,,,6756,6759,6802,,,6906,6900,6892,,,7180,7111,7158
312,6870,6903,7070,,,6134,6004,6080,,,6089,6139,6162,,,6696,6714,6673,,,6917,6881,6931,,,7210,7071,7144
313,6889,7037,7078,,,6069,6016,6046,,,6127,6063,6193,,,6701,6779,6716,,,6955,6931,6889,,,7109,7126,7141
314,6920,6931,7046,,,6145,6115,6054,,,6102,6123,6089,,,6766,6844,6776,,,6930,6945,6950,,,7185,7117,7193
315,6861,7021,7088,,,6168,5981,6074,,,6210,6025,6157,,,6771,6803,6715,,,6879,6977,6971,,,7196,7114,7140
316,6919,6984,7040,,,6125,6024,6044,,,6164,6116,6207,,,6655,6737,6696,,,6854,6871,6913,,,7170,7092,7160
317,6967,7081,6999,,,6163,6010,6046,,,6134,6174,6128,,,6698,6749,6735,,,6885,6933,6860,,,7159,7163,7137
318,6874,6998,7062,,,6151,5968,6053,,,6086,6035,6146,,,6705,6805,6745,,,6792,6921,6929,,,7112,7080,7155
319,6998,7035,7108,,,6204,6087,6080,,,6126,6081,6129,,,6723,6772,6807,,,6876,6841,6870,,,7197,7059,7165
320,6945,7014,7072,,,6183,5991,6057,,,6111,6066,6181,,,6630,6791,6757,,,6895,6954,6873,,,7240,7139,7212
321,6923,7018,7043,,,6070,6044,6057,,,6157,6091,6100,,,6788,6848,6716,,,6902,6830,6938,,,7213,7029,7172
322,7012,7071,6996,,,6129,6019,5989,,,6143,6117,6132,,,6658,6875,6767,,,6903,6934,6970,,,7204,7136,7050
323,6888,7026,7024,,,6099,6057,6023,,,6123,6050,6142,,,6732,6769,6800,,,6892,6960,6901,,,7274,7129,7189
324,6901,6984,7019,,,6130,6013,6012,,,6109,6143,6219,,,6759,6703,6806,,,6852,6983,6893,,,7138,7048,7128
325,6949,6971,7052,,,6088,6000,6018,,,6152,6101,6128,,,6725,6764,6734,,,6888,6941,6924,,,7158,7127,7088
326,6953,7003,7059,,,6098,5976,5961,,,6096,6123,6191,,,6750,6793,6787,,,6934,6880,6888,,,7113,7110,7103
327,6886,6971,6966,,,6073,6024,6007,,,6089,6094,6183,,,6699,6775,6760,,,6869,6925,6856,,,7155,7143,7094
328,6957,7029,7054,,,6161,6066,5992,,,6118,6101,6117,,,6717,6691,6782,,,6856,6931,6947,,,7122,7045,7126
329,6851,6958,6964,,,6123,6055,6013,,,6083,6113,6150,,,6719,6718,6732,,,6971,6913,6885,,,7059,7167,7114
330,6925,7026,6995,,,6163,6061,5970,,,6100,6116,6165,,,6681,6781,6760,,,7005,6921,6913,,,7141,7104,7122
331,6937,6973,6991,,,6123,5991,5998,,,6108,6063,6150,,,6649,6766,6758,,,6863,6855,6884,,,7068,7060,7173
332,6944,7013,6962,,,6122,6033,5982,,,6130,6053,6141,,,6767,6767,6705,,,6876,6920,6910,,,7113,7094,7212
333,6909,6941,6963,,,6053,6037,6094,,,6190,6101,6035,,,6702,6795,6810,,,6942,6853,6912,,,7169,7099,7169
334,6895,6974,6917,,,6106,6033,6089,,,6103,6110,6131,,,6651,6829,6791,,,6916,6888,6895,,,7146,7108,7128
335,6916,7003,6972,,,6074,6101,5999,,,6154,6039,6138,,,6706,6737,6731,,,6923,6957,6931,,,7088,7179,7145
336,6941,6909,7007,,,6079,6089,5988,,,6139,6146,6098,,,6752,6746,6716,,,6966,6894,6936,,,7171,7140,7078
337,6947,6973,7045,,,6074,6094,6058,,,6105,6128,6116,,,6687,6771,6777,,,6853,6849,6967,,,7146,7076,7229
338,6929,6978,7025,,,6025,6040,6041,,,6055,6118,6141,,,6821,6820,6842,,,6972,6935,6868,,,7186,7145,7136
339,6867,7041,7000,,,6107,6107,6058,,,6176,6098,6162,,,6721,6793,6797,,,6857,6885,6994,,,7130,7139,7134
340,6890,6981,6979,,,6079,6123,6048,,,6164,6117,6202,,,6736,6798,6782,,,6840,6863,6955,,,7149,7212,7161
341,6942,7070,6999,,,6041,5963,6100,,,6054,6072,6170,,,6609,6767,6784,,,6906,6840,6916,,,7136,7185,7078
342,6898,7042,6987,,,6087,6054,5972,,,6047,6122,6162,,,6710,6820,6788,,,6924,6823,6941,,,7150,7203,7153
343,6940,6951,7043,,,6056,6007,6084,,,6078,6129,6119,,,6720,6712,6707,,,6856,6865,6927,,,7142,7184,7088
344,6918,6997,6927,,,6129,6110,6015,,,6098,6145,6130,,,6755,6810,6720,,,6861,6913,6975,,,7116,7144,7097
345,6949,6986,6902,,,6074,6080,6079,,,6191,6128,6173,,,6763,6773,6779,,,6899,6928,6955,,,7211,7058,7094
346,6917,6998,7014,,,6036,6056,6089,,,5990,6111,6161,,,6726,6712,6680,,,6921,6951,6937,,,7183,7132,7156
347,6982,7017,7010,,,6119,6041,5974,,,6157,6034,6219,,,6727,6755,6757,,,6916,6964,6986,,,7120,7077,7065
348,6928,7055,7000,,,6134,5959,6024,,,6119,6086,6125,,,6713,6757,6682,,,6955,6890,6977,,,7159,7138,7154
349,6928,7030,7006,,,6122,6031,6032,,,6065,6075,6136,,,6726,6709,6717,,,6973,6869,6901,,,7266,7133,7136
350,6982,7073,7008,,,6118,6047,6026,,,6132,6083,6154,,,6744,6744,6707,,,6871,6886,6937,,,7137,7121,7122
351,6892,7068,7023,,,6213,6040,6028,,,6114,6136,6145,,,6692,6676,6733,,,6922,6959,6979,,,7178,7104,7087
352,6846,6985,7011,,,6172,6069,6048,,,6122,6039,6117,,,6853,6693,6700,,,6947,6891,6923,,,7132,7082,7140
353,6950,7052,7071,,,6053,5998,6042,,,6060,6067,6164,,,6774,6770,6743,,,6896,6891,6897,,,7162,7153,7123
354,6961,7018,6987,,,6117,5981,6033,,,6161,6033,6166,,,6772,6700,6726,,,6903,6868,6885,,,7163,7096,7173
355,6951,7068,7086,,,6124,5995,6083,,,6139,6171,6108,,,6818,6799,6751,,,6931,6857,6880,,,7173,7074,7082
356,6954,6940,7060,,,6110,5894,6114,,,6127,6051,6205,,,6676,6724,6786,,,6964,6912,6937,,,7231,7109,7082
357,6922,6919,7133,,,6069,6053,6152,,,6223,6111,6144,,,6777,6795,6783,,,6866,6935,6877,,,7146,7134,7177
358,6852,6957,7022,,,6085,6064,6068,,,6199,6172,6152,,,6792,6761,6776,,,6985,6992,6891,,,7201,7130,7176
359,6868,7002,6990,,,6073,5956,6162,,,6134,6186,6186,,,6814,6688,6792,,,6906,6934,6903,,,7275,7133,7124
360,6864,6971,7025,,,6158,5901,6066,,,6089,6175,6160,,,6695,6741,6744,,,6957,6818,6953,,,7130,7094,7158
361,6915,6934,7035,,,6089,6002,6023,,,6058,6193,6165,,,6760,6792,6684,,,6936,6904,6971,,,7135,7113,7168
362,6965,6927,6968,,,6133,6007,6023,,,6099,6143,6134,,,6788,6829,6783,,,6971,6951,6969,,,7238,7123,7065
363,7020,6896,6984,,,6109,6008,6051,,,6205,6125,6142,,,6754,6739,6696,,,6821,6977,6940,,,7154,7096,7097
364,7001,6956,6997,,,6146,6088,6050,,,6136,6112,6196,,,6791,6745,6719,,,6833,6925,7007,,,7246,7137,7163
365,6890,6984,7007,,,6141,6032,6127,,,6188,6087,6182,,,6794,6765,6701,,,6924,6940,6971,,,7136,7118,7089
366,6918,6957,7002,,,6112,6049,6104,,,6202,6130,6159,,,6746,6729,6722,,,6879,6944,6949,,,7124,7137,7082
367,6916,7002,7001,,,6103,6013,6054,,,6089,6138,6160,,,6727,6767,6763,,,6892,6949,6976,,,7141,7113,7136
368,6892,7001,7090,,,6144,6047,6130,,,6141,6089,6175,,,6654,6731,6696,,,6856,6907,6936,,,7142,7113,7009
369,6941,6966,6990,,,6159,6016,6059,,,6151,6073,6146,,,6719,6697,6672,,,6891,6910,6938,,,7168,7119,7202
370,6948,7069,7090,,,6176,5992,6001,,,6087,6096,6112,,,6690,6779,6763,,,6817,6947,6838,,,7036,7089,7136
371,6909,6997,7011,,,6164,6028,6056,,,6129,6125,6160,,,6724,6735,6678,,,6874,6889,6903,,,7083,7103,7129
372,6896,7034,7006,,,6183,6110,6102,,,6116,6148,6095,,,6759,6719,6808,,,6939,6872,6918,,,7157,7122,7157
373,6963,6957,7039,,,6148,6070,6066,,,6045,6138,6144,,,6760,6769,6715,,,6906,6895,6880,,,7083,7085,7162
374,6833,6934,6988,,,6096,6045,6053,,,6047,6153,6123,,,6755,6736,6736,,,6862,6932,6902,,,7111,7142,7152
375,6891,6980,7041,,,6119,6020,6027,,,6070,6094,6193,,,6769,6813,6740,,,6943,6849,6878,,,7123,7093,7061
376,6888,6976,7009,,,6136,6001,6088,,,6169,6122,6157,,,6767,6748,6716,,,6934,6852,6956,,,7135,7193,7120
377,6938,7017,7033,,,6214,6094,6127,,,6116,6165,6211,,,6799,6717,6713,,,6903,6958,6968,,,7140,7212,7124
378,6930,6996,7005,,,6198,6034,6100,,,6079,6109,6143,,,6734,6704,6740,,,6923,6810,6892,,,7134,7176,7159
379,6909,6936,6995,,,6215,6027,6041,,,6099,6190,6165,,,6734,6708,6669,,,6862,6860,6978,,,7085,7129,7127
380,6902,6996,6952,,,6128,6035,6047,,,6102,6116,6165,,,6738,6727,6741,,,6822,6842,6989,,,7040,7191,7193
381,6882,6941,6978,,,6213,6013,6084,,,6102,6081,6076,,,6801,6739,6690,,,6953,6894,6928,,,7091,7188,7101
382,6885,7001,6920,,,6202,5990,5998,,,6127,6126,6196,,,6756,6748,6699,,,6912,6901,6924,,,7043,7163,7125
383,6944,7036,7011,,,6200,5999,6046,,,6105,6093,6194,,,6706,6742,6721,,,6901,6918,6907,,,7110,7146,7172
384,6816,7004,6967,,,6135,6029,6108,,,6143,6127,6161,,,6633,6768,6738,,,6980,6906,6899,,,7115,7177,7147
385,6731,6975,7055,,,6127,6020,6091,,,6202,6039,6176,,,6680,6635,6708,,,6938,6864,6871,,,7095,7137,7243
386,6930,7008,6996,,,6135,6022,6121,,,6088,6149,6190,,,6672,6710,6687,,,6908,6978,6864,,,7162,7130,7272
387,6834,7076,7008,,,6117,6168,6082,,,6070,6172,6187,,,6707,6683,6689,,,6869,6902,6812,,,7143,7113,7115
388,6892,7005,7033,,,6140,6031,6103,,,6098,6143,6177,,,6715,6731,6745,,,6899,6936,6907,,,7121,7091,7164
389,6927,6899,7079,,,6059,6033,6119,,,6144,6137,6209,,,6629,6698,6761,,,6869,6874,6874,,,7046,7038,7181
390,6920,6963,6944,,,6127,6033,6050,,,6023,6123,6142,,,6691,6719,6737,,,6882,6910,6898,,,7150,7107,7223
391,6844,6941,7064,,,6102,5990,6140,,,6073,6100,6237,,,6753,6693,6692,,,6888,6897,6870,,,7109,7046,7176
392,6934,6986,7074,,,6096,5966,6020,,,6051,6096,6204,,,6731,6717,6744,,,6903,6907,6881,,,7078,7134,7149
393,6846,6935,7064,,,6161,5975,6127,,,6159,6131,6169,,,6701,6745,6694,,,6905,6880,6927,,,7085,7081,7193
394,6918,7131,7084,,,6154,6020,6018,,,6140,6045,6137,,,6784,6722,6665,,,6937,6903,6861,,,7116,7238,7200
395,6845,7051,6978,,,6128,6092,6104,,,6067,6114,6129,,,6739,6734,6685,,,6939,6832,6921,,,7154,7223,7237
396,6944,7060,7062,,,6023,6093,6092,,,6073,6110,6214,,,6737,6742,6809,,,6946,6923,7022,,,7072,7189,7139
397,6918,7046,7061,,,6142,6038,6066,,,6128,6140,6167,,,6776,6691,6774,,,6961,6893,6896,,,7132,7186,7117
398,6960,7061,7087,,,6183,6015,6072,,,6128,6084,6117,,,6796,6710,6764,,,6881,6885,6875,,,7173,7124,7207
399,7015,6952,7038,,,6144,6091,6138,,,6115,6114,6234,,,6709,6768,6733,,,6963,6861,6903,,,7217,7142,7244
400,6928,6998,7114,,,6163,6002,6086,,,6039,6076,6096,,,6733,6674,6733,,,7024,6817,6911,,,7197,7200,7219
401,6928,6960,7039,,,6175,5994,6034,,,6024,6139,6147,,,6743,6694,6655,,,6978,6926,6979,,,7103,7151,7112
402,6879,7018,7039,,,6186,6046,6089,,,6107,6110,6201,,,6637,6747,6702,,,6954,6804,6930,,,7113,7120,7246
403,6930,6985,7011,,,6107,6054,6059,,,6050,6110,6121,,,6660,6681,6701,,,7027,6876,6934,,,7108,7151,7193
404,6903,6982,6974,,,6223,6056,6039,,,6069,6162,6198,,,6760,6744,6701,,,6997,6890,6914,,,7094,7234,7193
405,6863,6898,7009,,,6199,6030,6049,,,6129,6003,6248,,,6783,6735,6646,,,6941,6927,6992,,,7202,7161,7139
406,6932,7061,6971,,,6117,6062,6041,,,6144,6123,6278,,,6718,6649,6704,,,7032,6907,6938,,,7136,7132,7247
407,6900,7050,7056,,,6214,6165,6030,,,6086,6031,6259,,,6800,6721,6691,,,6959,6930,6930,,,7164,7170,7151
408,6926,6955,7024,,,6162,6091,6047,,,6112,6161,6152,,,6656,6787,6783,,,7000,6866,6963,,,7184,7134,7212
409,6943,7020,7085,,,6189,5967,6105,,,6112,6092,6153,,,6807,6755,6736,,,6945,6887,6873,,,7141,7072,7105
410,6945,6998,7119,,,6246,6028,6082,,,6037,6073,6212,,,6690,6810,6651,,,6962,6854,6940,,,7152,7148,7205
411,6993,6895,7028,,,6176,6040,6133,,,6123,6112,6234,,,6725,6753,6734,,,6928,6924,6889,,,7209,7215,7163
412,6907,6959,7036,,,6222,6007,6086,,,6045,6092,6195,,,6714,6738,6769,,,6874,6910,6990,,,7178,7216,7159
413,6917,7033,7044,,,6243,6031,6104,,,6116,6106,6191,,,6685,6682,6811,,,6973,6864,6937,,,7113,7170,7248
414,6914,6985,7069,,,6245,6092,6087,,,6063,6094,6186,,,6743,6717,6812,,,7012,6872,6863,,,7086,7208,7194
415,6952,7105,7132,,,6142,6041,6014,,,6092,6112,6192,,,6762,6787,6703,,,6974,6820,6922,,,7016,7157,7248
416,7008,7040,6980,,,6229,6006,6073,,,6035,6108,6141,,,6783,6702,6767,,,6975,6884,6906,,,7164,7091,7160
417,6954,7025,6976,,,6114,6013,6167,,,6091,6112,6187,,,6787,6685,6750,,,6833,6881,6944,,,7103,7143,7177
418,6899,7063,7056,,,6214,6056,6157,,,6045,6010,6166,,,6701,6680,6788,,,6903,6967,6993,,,7132,7210,7130
419,6917,7032,7030,,,6186,6004,6070,,,6106,6094,6102,,,6701,6740,6671,,,6942,6974,6932,,,7133,7178,7168
420,6942,7002,7040,,,6103,6078,6030,,,6105,6013,6208,,,6734,6665,6719,,,6911,6856,6914,,,7157,7141,7212
421,6957,7114,6983,,,6202,5957,6093,,,6094,6062,6184,,,6737,6758,6759,,,6949,6927,6893,,,7187,7145,7166
422,6958,7039,7030,,,6230,6034,6115,,,6154,6065,6208,,,6786,6719,6739,,,6963,6882,6878,,,7178,7111,7139
423,6923,6997,6997,,,6253,6078,6113,,,6160,6036,6137,,,6732,6745,6731,,,7035,6896,6817,,,7058,7150,7157
424,6923,7006,7028,,,6178,6075,6122,,,6089,6130,6118,,,6771,6692,6712,,,6968,6951,6882,,,7145,7205,7190
425,6908,7046,7062,,,6240,6116,6064,,,6041,6150,6158,,,6726,6649,6767,,,6989,6851,6829,,,7124,7179,7142
426,6991,7011,7068,,,6222,6076,6129,,,6055,6120,6150,,,6817,6719,6645,,,7029,6927,6930,,,7062,7137,7184
427,6884,7041,7023,,,6165,6062,6058,,,6112,6095,6125,,,6809,6697,6690,,,7004,6931,6872,,,7114,7106,7257
428,6933,7080,7035,,,6133,6104,6110,,,6167,6107,6126,,,6746,6706,6662,,,6942,6947,6810,,,7141,7159,7156
429,6888,7099,7054,,,6183,6078,6052,,,6121,6131,6162,,,6769,6737,6729,,,6916,6931,6907,,,7184,7079,7141
430,6865,7084,7082,,,6095,6079,6143,,,6031,6043,6159,,,6817,6704,6727,,,6918,6846,6930,,,7108,7149,7144
431,6831,7092,7051,,,6135,6091,6052,,,6032,6052,6228,,,6722,6731,6690,,,6875,6906,6898,,,7235,7132,7163
432,6935,7057,7068,,,6111,5992,6083,,,6143,6027,6088,,,6795,6774,6704,,,6905,6874,6875,,,7211,7185,7171
433,6904,7027,6974,,,6171,5982,6157,,,6083,6125,6110,,,6781,6789,6750,,,6897,6877,6890,,,7131,7273,7164
434,6859,7091,6976,,,6159,6053,6097,,,6098,6128,6131,,,6771,6774,6803,,,6956,6898,6868,,,7147,7204,7119
435,6876,7054,7031,,,6104,6149,6089,,,6128,6071,6170,,,6615,6632,6718,,,6929,6893,6792,,,7171,7139,7038
436,6969,7052,6959,,,6172,6073,6058,,,6085,6097,6189,,,6651,6797,6734,,,6911,6902,6924,,,7202,7131,7153
437,6951,6964,6947,,,6173,6068,6122,,,6019,6020,6142,,,6682,6754,6704,,,6945,6918,6899,,,7218,7209,7125
438,6903,7100,6919,,,6062,6120,6096,,,6088,6081,6095,,,6701,6744,6790,,,6924,6890,6901,,,7169,7146,7126
439,6974,7004,6995,,,6117,6062,6033,,,6071,6066,6190,,,6642,6749,6776,,,6892,6917,6784,,,7175,7200,7168
440,6911,7032,7000,,,6163,6130,6075,,,6117,6131,6143,,,6692,6755,6734,,,7000,6887,6809,,,7223,7132,7093
441,6893,7030,6995,,,6161,6109,6101,,,6067,6093,6171,,,6710,6745,6722,,,6979,6962,6811,,,7136,7208,7110
442,6866,6953,7005,,,6154,5947,6095,,,6090,6082,6168,,,6645,6756,6787,,,6872,6931,6858,,,7155,7228,7111
443,6834,6951,6988,,,6130,5874,6040,,,6088,6001,6193,,,6702,6735,6728,,,6943,6942,6846,,,7138,7257,7166
444,6922,7040,6982,,,6167,5950,6122,,,6090,6087,6121,,,6697,6701,6732,,,6958,6875,6808,,,7101,7228,7118
445,6909,6938,7004,,,6137,6029,6122,,,6054,6058,6185,,,6726,6738,6722,,,6941,6899,6793,,,7093,7113,7100
446,6890,6991,7015,,,6124,6016,6082,,,6028,6039,6230,,,6697,6759,6761,,,7009,6899,6790,,,7177,7107,7167
447,6855,7003,6936,,,6203,6070,6069,,,6060,6012,6182,,,6751,6722,6722,,,6971,6908,6832,,,7112,7062,7110
448,6917,7064,6978,,,6158,6042,6054,,,6058,6105,6277,,,6788,6728,6719,,,6945,6894,6926,,,7163,7152,7131
449,6892,7081,7061,,,6158,6046,6081,,,6073,6121,6231,,,6718,6711,6763,,,6995,6918,6797,,,7181,7140,7200
450,6847,7075,7046,,,6097,6063,6037,,,6023,6128,6172,,,6733,6637,6783,,,6944,6858,6845,,,7152,7121,7132
451,6821,7063,7048,,,6124,5977,6073,,,6068,6029,6154,,,6795,6713,6758,,,6977,6893,6832,,,7149,7093,7177
452,6906,7045,7003,,,6149,6085,6104,,,6085,6040,6156,,,6723,6708,6780,,,7038,6919,6883,,,7151,7188,7157
453,6922,7056,7004,,,6211,6098,6102,,,6056,6077,6140,,,6782,6791,6680,,,7010,6836,6857,,,7138,7159,7101
454,6907,7128,7074,,,6311,6025,6058,,,6108,6122,6215,,,6693,6803,6785,,,7037,6881,6873,,,7061,7176,7118
455,6823,7071,6988,,,6212,5995,6103,,,6115,6099,6189,,,6701,6751,6698,,,6938,6887,6899,,,7143,7198,7192
456,6912,7077,6968,,,6181,6020,6117,,,6094,6055,6182,,,6655,6686,6761,,,6991,6891,6886,,,7141,7169,7126
457,6867,7044,6955,,,6103,6033,6110,,,6123,6131,6187,,,6674,6689,6729,,,6970,6823,6860,,,7159,7200,7049
458,6921,6989,7023,,,6095,6034,6036,,,6098,6125,6185,,,6745,6697,6784,,,6989,6880,6792,,,7218,7131,7105
459,6906,7071,6984,,,6143,5961,6040,,,6176,6150,6181,,,6652,6710,6803,,,6945,6889,6838,,,7149,7145,7086
460,6858,6941,6998,,,6266,5986,6099,,,6165,6061,6224,,,6677,6708,6809,,,6914,6874,6883,,,7095,7191,7205
461,6885,7072,6996,,,6089,5985,6029,,,6115,6120,6199,,,6654,6678,6747,,,6931,6818,6905,,,7123,7084,7124
462,6891,6943,7062,,,6151,6090,6102,,,6112,6160,6238,,,6699,6625,6780,,,6911,6847,6802,,,7143,7213,7143
463,6859,7064,7046,,,6137,6053,6023,,,6081,6093,6173,,,6746,6709,6766,,,6948,6975,6891,,,7189,7173,7104
464,6922,6994,7059,,,6161,6013,6070,,,6134,6047,6179,,,6725,6760,6781,,,6954,6896,6767,,,7171,7137,7187
465,6925,6984,7023,,,6122,6065,6147,,,6188,6111,6229,,,6737,6755,6838,,,6943,6891,6850,,,7110,7186,7131
466,6912,7018,7128,,,6218,6087,6066,,,6133,6093,6212,,,6683,6731,6817,,,6965,6908,6890,,,7199,7140,7208
467,6929,6960,7061,,,6160,6048,6107,,,6094,6058,6178,,,6690,6691,6823,,,6903,6903,6834,,,7200,7118,7186
468,6916,7075,7035,,,6040,6061,6143,,,6151,6161,6223,,,6708,6698,6756,,,6910,6805,6881,,,7111,7173,7200
469,6906,7025,7032,,,6137,6005,6050,,,6168,6163,6208,,,6696,6779,6769,,,6995,6846,6864,,,7161,7121,7282
470,6954,7046,7083,,,6072,5978,6011,,,6200,6135,6246,,,6717,6630,6708,,,6867,6885,6880,,,7109,7198,7306
471,6905,6961,7075,,,6127,5944,6061,,,6114,6024,6199,,,6669,6681,6780,,,6886,6836,6838,,,7149,7178,7184
472,6898,6949,6973,,,6093,6022,6108,,,6161,6120,6207,,,6670,6657,6755,,,6946,6939,6898,,,7222,7138,7163
473,6913,6985,7038,,,6129,6094,6062,,,6133,6104,6248,,,6717,6761,6836,,,6991,6846,6865,,,7171,7112,7205
474,6934,6977,7132,,,6162,5994,6038,,,6136,6097,6144,,,6649,6778,6889,,,7029,6912,6804,,,7143,7124,7109
475,6913,7015,7063,,,6107,5978,6037,,,6137,6128,6158,,,6673,6731,6791,,,6965,6921,6858,,,7185,7238,7162
476,6901,6985,7103,,,6037,6012,6091,,,6182,6118,6169,,,6698,6591,6826,,,6956,6838,6833,,,7103,7196,7227
477,6924,6935,7094,,,6091,6076,6088,,,6082,6123,6193,,,6707,6765,6782,,,6929,6872,6887,,,7181,7213,7227
478,6872,6999,7036,,,6067,6057,6024,,,6048,6099,6130,,,6743,6707,6753,,,6978,6931,6873,,,7112,7157,7270
479,6917,7055,7005,,,6073,6026,6075,,,6127,6136,6166,,,6671,6710,6828,,,6879,6828,6781,,,7100,7174,7207
480,6881,7023,7116,,,6157,5989,6126,,,6106,6145,6254,,,6761,6733,6786,,,6945,6868,6859,,,7124,7250,7184
481,6910,6937,7038,,,6129,5993,6056,,,6145,6097,6157,,,6612,6702,6747,,,6888,6755,6836,,,7101,7125,7201
482,6901,6957,7034,,,6095,6024,6011,,,6090,6112,6250,,,6663,6721,6783,,,6957,6781,6882,,,7209,7147,7133
483,6873,7036,6978,,,6054,6106,6132,,,6148,6077,6122,,,6699,6694,6816,,,7037,6786,6810,,,7122,7146,7136
484,6933,6989,7090,,,6080,6107,6059,,,6139,6171,6160,,,6658,6682,6801,,,6950,6782,6771,,,7163,7196,7159
485,6922,7006,6954,,,6146,6047,6101,,,6033,6129,6198,,,6763,6667,6749,,,6904,6905,6842,,,7116,7162,7137
486,6860,6950,7054,,,6119,6011,6096,,,6126,6150,6143,,,6589,6701,6797,,,6973,6771,6761,,,7182,7186,7147
487,6969,7009,7076,,,6049,6019,6008,,,6096,6133,6221,,,6689,6761,6793,,,7003,6894,6887,,,7183,7177,7163
488,6865,7042,7046,,,6075,6027,6062,,,6076,6131,6230,,,6699,6686,6801,,,6967,6743,6910,,,7218,7205,7178
489,6941,7092,7118,,,6152,6083,6147,,,6099,6135,6184,,,6696,6717,6823,,,6904,6793,6890,,,7249,7161,7229
490,6903,7072,7056,,,6097,6088,6068,,,6092,6126,6110,,,6676,6655,6865,,,6928,6830,6865,,,7239,7153,7206
491,6849,6928,7121,,,6064,6068,6090,,,6129,6122,6228,,,6630,6654,6829,,,7022,6869,6804,,,7107,7151,7156
492,6901,7063,7074,,,6037,6111,6046,,,6058,6055,6146,,,6621,6710,6785,,,6974,6849,6807,,,7284,7212,7184
493,6894,7072,7094,,,6055,6055,6088,,,6092,6080,6191,,,6623,6636,6841,,,6916,6834,6810,,,7172,7063,7170
494,6854,7081,7091,,,6060,6026,6114,,,6077,6027,6207,,,6692,6697,6822,,,6947,6820,6884,,,7238,7081,7157
495,6867,7026,7073,,,6031,6115,6053,,,6053,6199,6055,,,6651,6678,6788,,,7005,6790,6876,,,7164,7164,7161
496,6912,6976,7124,,,6091,6034,6080,,,6131,6087,6098,,,6614,6609,6855,,,6935,6873,6947,,,7207,7118,7257
497,6906,6981,7105,,,6022,6076,6100,,,6079,6091,6195,,,6674,6698,6825,,,6974,6903,6842,,,7270,7145,7288
498,6937,6998,7041,,,6028,6050,6048,,,6154,6130,6126,,,6643,6712,6751,,,6931,6742,6887,,,7148,7105,7222
499,6905,7020,7070,,,6047,6039,6114,,,6143,6141,6144,,,6659,6741,6799,,,6949,6755,6884,,,7105,7084,7160
500,6896,7022,7144,,,6002,6151,5979,,,6110,6130,6130,,,6700,6702,6809,,,6962,6752,6886,,,7131,7019,7151